datetime,tweetid,text
2020-11-10 03:12:42,1325999799729053696,"Arthur has a rat named Tesla, pass it on"
2020-11-10 03:12:21,1325999708763009030,"I‚Äôll be joining @colbertlateshow tonight, 11/9, at 11:35pm ET on CBS. Tune in. #Election2020 https://t.co/2H3o6mHcVv"
2020-11-10 03:12:16,1325999688370282496,@elonmusk @jgrano305 What about Virginia? It‚Äôs for lovers... of Tesla insurance.
2020-11-10 03:12:14,1325999682024247296,@EastEndResist Same...I put a Tesla system in a couple years ago (I‚Äôm in Florida so the Powerwall is good in hurricane season) and the $15 tie-in is it for driving and power. I really love it.
2020-11-10 03:11:58,1325999615196454912,Toyota president: Tesla valuation doesn't reflect 'real world' business https://t.co/RIfvzNUHVF
2020-11-10 03:11:52,1325999589082554369,"@ValTex77 Yeah .. not a very good article.  Doesn't talk about the EV infrastructure that isn't there for Tesla ... and how Nikola used customer down-payments for increasing their capital.  Not the case for $HYLN, where the CNG infrastructure is already available for RNG use."
2020-11-10 03:11:52,1325999587799298048,"‚ÄúMr. Barr‚Äôs memo allows U.S. attorneys to bypass that career prosecutor and take their requests to his office for approval, effectively weakening a key safeguard that prevents political interference in an election by the party in power.‚Äù https://t.co/EahQXR2yc5"
2020-11-10 03:11:51,1325999585584623619,@Reenath @EliBurton_ @Tesla @elonmusk And God Bless Texas!
2020-11-10 03:11:46,1325999561559728128,@TeslaJoy Hmm wonder if Tesla has geo location to solve for crimes - my guess is no due to privacy issues
2020-11-10 03:11:30,1325999496149528576,Off A Tesla Can‚Äôt Go To Sleep ...
2020-11-10 03:11:16,1325999437760630785,That‚Äôs... not a great sign. Are they really going to try and conjure up some way to reverse the choice of the people? https://t.co/kjfzcT709k
2020-11-10 03:11:16,1325999436682600448,"The gas industry does not run without accidents. Oil India Limited continued to drill despite the huge Assam well fire. 
A study in Nature says methane gas is causing 25% of global warming https://t.co/sBDqy3DW7W

Refs: 
- https://t.co/oXUzvH8OyA
- https://t.co/Rwz7WKGtrn https://t.co/rDFyYYlBpQ"
2020-11-10 03:11:10,1325999410631892994,"Tesla Tequila has been on display in Tesla showrooms everywhere for years. Elon - the ultimate troll. ü§Ø
Original Post by @brandenflasch on FB https://t.co/05R6aXRebF"
2020-11-10 03:11:06,1325999395217711104,Tesla Tequila is being hidden in some unexpected places https://t.co/HuEMCfHzRO
2020-11-10 03:11:01,1325999373726093316,Imagine how you‚Äôd feel off a Tesla üòõ https://t.co/dfWbogHbl7
2020-11-10 03:10:40,1325999287780712449,"@Tesla @elonmusk This just makes me really want a tesla, one day ill get one, if only"
2020-11-10 03:10:23,1325999216880185346,@TeslaJoy pretty sure serial's killers drive Tesla too üòÇ
2020-11-10 03:10:13,1325999171975983104,@EnglishDanYT @Tesla @elonmusk Lmfao he IS the best at everything https://t.co/b2CDDuGPtz
2020-11-10 03:10:04,1325999134000771073,"Elon Musk shares details about Tesla‚Äôs mRNA microfactories for CureVac
https://t.co/psJt0cXlDt"
2020-11-10 03:09:48,1325999067965624325,This is a dangerous authoritarian impulse: Only one party is allowed to win elections.  Graham should be ashamed of himself. But he long ago put his integrity in an undisclosed location. https://t.co/AmsiJAirr1
2020-11-10 03:09:28,1325998986285772800,"Take 2 shots and call me in the morning #Tesla 
ü•É=üíâü§îüëåüëå https://t.co/dUhU3o4iKC"
2020-11-10 03:09:23,1325998961983942656,Imagine believing that Tesla is working on a vaccine. https://t.co/tCYfkqwgqn
2020-11-10 03:09:22,1325998958590763009,"@ReturnofR Guns N Roses, Metallica and Tesla"
2020-11-10 03:09:21,1325998955512164352,"@AdrianL16882023 @Revenge32137972 @AbnerZhang5 @adrianl21177525 @EmliyLing @michael82137859 @elonmusk Writing is perhaps the greatest of human inventions, binding together people who never knew each other, citizens of distant epochs. Books break the shackles of time. A book is proof that humans are capable of working magic.""
#CarlSagan 
#Tesla https://t.co/gB9l5TKm0j"
2020-11-10 03:09:18,1325998942207795202,"Elon Musk shares details about Tesla‚Äôs mRNA microfactories for CureVac
https://t.co/psJt0cXlDt"
2020-11-10 03:09:13,1325998922846908418,Anybody have any strong opinions about the cybertruck? Not Tesla or musk but the truck
2020-11-10 03:09:13,1325998922637078532,"I'll be talking to @elonmusk for the 3rd time on the podcast soon (probably this week but TBD). Tesla will be the topic of focus. But also: AI, life, death, meaning, love, history, aliens, and memes. If you have questions, both engineering ones &amp; philosophical ones, let me know."
2020-11-10 03:09:03,1325998881075834880,@Tesla One day I'll have one &lt;3
2020-11-10 03:09:02,1325998875908448256,Super Clean Review - [White Tesla] - Real Men Clean https://t.co/t8uZW4SyDP   #realmengetitdone #cleaningmotivation #realmenclean https://t.co/qM098gDGqN
2020-11-10 03:09:01,1325998869595922432,@SamTalksTesla @Tesla Tesla makes the RNA Bioreactor that can make vaccines / cures. CureVac has version 2 in use. Version 3 is under development.
2020-11-10 03:09:00,1325998865363955712,@Inelonwetrust__ I hope I am wrong - I think it will be a net negative for Tesla.    Seriously I hope I am wrong.
2020-11-10 03:08:40,1325998785231638530,@klwtts @Tesla 500+ mile vehicles and an affordable vehicle for all which will further accelerate the transition of the next revolution into sustainable transportation
2020-11-10 03:08:36,1325998765078179840,This is not a Tesla why does he not have DOOR HANDLES?!
2020-11-10 03:08:32,1325998748393148416,Imagine believing that Tesla is working on a vaccine. https://t.co/tCYfkqwgqn
2020-11-10 03:08:29,1325998738633068544,"@elonmusk Not going to lie, I thought it was a bottle of Tesla aftershave or cologne at first"
2020-11-10 03:08:18,1325998689769418753,"@CodingMark @tosvjohn @tesla_raj That‚Äôs good Mark.   I‚Äôm going to watch all your videos! That said, do you think FSDbta works in Texas?  I‚Äôm wondering üí≠"
2020-11-10 03:08:09,1325998654147219456,@coreyA0545 @I_am_Adrien @base_cubee Bro get Tesla
2020-11-10 03:07:59,1325998612736700416,@zerohedge What‚Äôs wrong with that? Tesla did the same thing
2020-11-10 03:07:51,1325998578234511361,Very interesting article.  What a Biden White House could mean for Tesla - CNBC https://t.co/N5ZTfo7s8m
2020-11-10 03:07:45,1325998551785238528,@Revenge32137972 @AdrianL16882023 @Tesla @Tesla is a vehicle with a soul and a personality. It's not just some sort of transport utility device with no soul and no characterüß†üöó https://t.co/8jCbSb9T3i
2020-11-10 03:07:43,1325998546366074887,"@Sam_nerdinc ü•∫
üëâüëà
I love my Tesla bby,,,, https://t.co/5GGcrgDFSA"
2020-11-10 03:07:40,1325998532571000832,@Tesla how to transfer 5 lines of text to Elon Mask
2020-11-10 03:07:39,1325998526556467202,"Elon Musk shares details about Tesla‚Äôs mRNA microfactories for CureVac
https://t.co/psJt0cXlDt"
2020-11-10 03:07:31,1325998494591684608,@femmegall what color tesla you want lol
2020-11-10 03:07:18,1325998438748549120,Tesla Autopilot Full Self Driving (FSD) Alameda to San Francisco with 0 Disengagements https://t.co/vrxoEtT6j8
2020-11-10 03:07:12,1325998414140567552,@Zack52_ @Caliboii8 @CRYDOG27 Over the last Tesla üòÇüòÇ
2020-11-10 03:06:50,1325998322398633984,@Zack52_ @Caliboii8 @CRYDOG27 Over the last Tesla üòÇüòÇ
2020-11-10 03:06:41,1325998285497245696,"I'll be talking to @elonmusk for the 3rd time on the podcast soon (probably this week but TBD). Tesla will be the topic of focus. But also: AI, life, death, meaning, love, history, aliens, and memes. If you have questions, both engineering ones &amp; philosophical ones, let me know."
2020-11-10 03:06:38,1325998270825574401,"@TrueNPatriot Fascinating stuff. So gratifying to know POTUS has control of much info from his Uncle John, a close friend &amp; confidant of Tesla!"
2020-11-10 03:06:24,1325998212755255297,"@vic_gaz @DHughesy Also false.
Current average electricity prices in South 
Australia are lower than they were in 2013 
and in 2008 before the Tesla battery was installed in 2017.
Historically South Australia‚Äôs higher prices 
were due to its reliance on gas and low quality 
coal"
2020-11-10 03:06:03,1325998122871484418,"The latest #USChina industry news on #tradewar, Ant Group‚Äôs IPO and potential ban in the U.S., the world‚Äôs largest box office, #TikTok‚Äôs partnership with Shopify, Tesla &amp; more @ #ReachFurther #MarketWatch https://t.co/5RimmiFpmb https://t.co/W3uQIrEkMc"
2020-11-10 03:05:56,1325998094564122626,@teslaownerssv @elonmusk @tesla_raj @klwtts @JVerdura Insane.  Just imagine what else he is innovating this way.
2020-11-10 03:05:47,1325998056311988225,@PMOIndia Shree Narendra modi ji please launch electric cars in india like Tesla
2020-11-10 03:05:42,1325998037190078464,What a Biden White House could mean for Tesla - CNBC https://t.co/fQWADl3KIr
2020-11-10 03:05:39,1325998025291034624,@SCMountainDad @TSportline Suggest Martian Wheels excellent quality designed for Tesla
2020-11-10 03:05:38,1325998018479468550,"@dezmondOliver matthew86733 Thank You, enjoy your new Tesla!!"
2020-11-10 03:05:36,1325998009709162496,I just want a Tesla so I can roll my blunt comfortably in traffic ü§∑‚Äç‚ôÇÔ∏è
2020-11-10 03:05:35,1325998007859417088,The first Tesla taxi in NYC just hit the streets as the city‚Äôs only electric yellow cab. The plan is for hundreds more to join it. üöïüîãüóΩ https://t.co/hFvKPB1OHS $TSLA #Tesla #EV #TeslaTaxi https://t.co/VRTSbQReht
2020-11-10 03:05:32,1325997992923586560,@elonmusk @jgrano305 Waiting for Tesla Insurance to come to Texas as well.
2020-11-10 03:05:22,1325997954319179776,@Tesla Glad I was able to help
2020-11-10 03:05:17,1325997933960056834,"As Tesla's market cap exceeds the total value of the M2 money supply, the Martian Emperor vows that they will be GAAP profitable by 2148. https://t.co/mq0A5JUGmV"
2020-11-10 03:05:10,1325997903442182144,@somi_teslagirl Need more butts in TESLA‚ÄôS üòÉ
2020-11-10 03:04:51,1325997824790638593,@elonmusk Are you turning Tesla infotainment into a full gaming console with AMD? I'd love to see what a Tesla controller looks like!
2020-11-10 03:04:42,1325997785053847553,"Tesla may face delays at Gigafactory Berlin over lack of permits, Elon Musk gets¬†involved https://t.co/JuFOOREW4K"
2020-11-10 03:04:41,1325997782545690624,@SaraJAwesome @vm_one1 @Tesla @elonmusk Nicely done. üëç
2020-11-10 03:04:33,1325997748852756480,"Elon Musk shares details about Tesla‚Äôs mRNA microfactories for CureVac
https://t.co/psJt0cXlDt"
2020-11-10 03:04:27,1325997723074621440,@elonmusk do you have more photos of the #cybertruck ? #tesla üôèüèºüòÅ
2020-11-10 03:04:09,1325997644989292544,"Elon Musk's Boring Company Hints at New Tunnel in Austin, Goes All-In on Texas After SpaceX &amp; Tesla Giga Texas

https://t.co/w8F5622Fvp"
2020-11-10 03:04:06,1325997634029379584,"@matty_mogul @Tesla @elonmusk This doesn't seem to take into account whether the EPA range used the 2 or 5-cycle tests (which don't seem equally correlated with real-world range) as well as usable vs total capacity between vehicles.  I'm a big fan of @Tesla myself, but I think this chart is misleading."
2020-11-10 03:04:01,1325997611640360962,@dezmondOliver Thank You for offering.  After a number of test drives in my MS and lots of Tesla conversation I still have 0 referrals or supercharging miles.  Would be greatly appreciated. https://t.co/YiXolFp9kM
2020-11-10 03:03:50,1325997566815825921,"Elon Musk shares details about Tesla‚Äôs mRNA microfactories for CureVac
https://t.co/psJt0cXlDt"
2020-11-10 03:03:50,1325997565393825792,"üö®üö® #Tesla ""Full Self Driving"" Tests Risk Killing People

Did these MOTORCYCLISTS consent to nearly getting killed by a ""self-driving car"" that can't turn safely? 
@Easyriders1 @harleydavidson @CMMmag @ABRmagazine @SoCal__HAMC @OCChoppers #biker
#motorcycle $TSLA $TSLAQ 1/10 https://t.co/sI5ZUcPIAu"
2020-11-10 03:03:43,1325997539011796993,I drove in a Tesla today and now I‚Äôm starting to think about a couple of things üòè
2020-11-10 03:03:35,1325997502676529155,"Stock returns since IPO:

Microsoft +230,969%
Adobe +224,971%
Amazon +165,959%
Apple +83,785%
Nike +73,350%
Cisco +49,928%
Netflix +40,915%
Nvidia +35,039%
Tesla +9,113%
Starbucks +28,792%
Mastercard +7,399%
Salesforce +6,170%
eBay +5,667%
Visa +1,418%
Facebook +660%"
2020-11-10 03:03:32,1325997490701697025,"Elon Musk shares details about Tesla‚Äôs mRNA microfactories for CureVac
https://t.co/psJt0cXlDt"
2020-11-10 03:03:19,1325997438654574594,"Ex Microsoft engineer gets 9 yrs in prison for stealing more than $10M from Microsoft, making it look like other employees were stealing, using btc mixers, falsely filing tax returns. Wild story. 

https://t.co/orteStcL9F"
2020-11-10 03:03:19,1325997437329289222,"Tesla (TSLA) could surprise with over 500,000 cars produced in China next year, supply chain report¬†says https://t.co/W06DqeSkxA"
2020-11-10 03:03:17,1325997426751107075,"@elonmusk @SamTalksTesla @Tesla Lot more ""karma"" positive than autonomous;)"
2020-11-10 03:03:05,1325997378265083909,"Cares are going electric apart from Tesla, good for people and planet üåè. 
https://t.co/tdU7ACP6j5"
2020-11-10 03:02:56,1325997340310851584,@Lebeaucarnews By then Tesla will have the CT eating away at the pickup truck market and the 25k car swallowing up the rest.
2020-11-10 03:02:56,1325997339585126400,We‚Äôd love to hear your predictions on the future of @Tesla and other great #ElectricVehicles üëáüèº
2020-11-10 03:02:45,1325997292759998467,2022 I‚Äôll have a child. After I get my house and Tesla
2020-11-10 03:02:38,1325997263399870465,"I want Tesla in my country 36/?
@elonmusk @Tesla @Teslarati @kimbal @BoredElonMusk"
2020-11-10 03:02:37,1325997262154080257,"@RaymondDoerr @elonmusk @SamTalksTesla @Tesla Spec is very cold, for sure.

It is unusually cold enough &amp; the amount of it that needs to be moved is large enough, that a specific engineered vehicle or trailer to do it with is worth tapping Tesla expertise &amp; working on problem with existing manufacturers."
2020-11-10 03:02:36,1325997257540292609,OMG A TESLA https://t.co/LK0Tdrq61c
2020-11-10 03:02:35,1325997253430038528,I just want to get to the point in life where I have the @Tesla app on my phone. üôèüèΩ
2020-11-10 03:01:55,1325997086412840962,"@RMPerry88 Well considering his gag Tesla Tequila sold for 400 a bottle, I'd say anythings game"
2020-11-10 03:01:46,1325997048747986945,@HumbleNationTif start doing the 369 manifestation method Nikola Tesla created
2020-11-10 03:01:46,1325997047514861573,"@joelsanru @SpaceX @Space_Station @NASA @Commercial_Crew @JAXA_en Really?
Then how did many astronomers tract the Tesla out to 3.5 million KM? Found only putting in heliocentric data, to point the scopes.
https://t.co/rOSrmAWD8S
You need to grow up."
2020-11-10 03:01:45,1325997041072414726,Hey @elonmusk can you toss a @Tesla my way https://t.co/tUfmHnVXcG
2020-11-10 03:01:40,1325997022630055941,"Tesla Released An Absurdly Overpriced Tesla Tequilahttps://t.co/f49o4EUIDA

#ITintheD373"
2020-11-10 03:01:32,1325996990186967047,The Win Your Dream 2021 Tesla Giveaway | StackSocial https://t.co/39hV5EAYal via @StackSocial
2020-11-10 03:01:18,1325996929415700480,"Elon Musk shares details about Tesla‚Äôs mRNA microfactories for CureVac
https://t.co/psJt0cXlDt"
2020-11-10 03:01:16,1325996921316634625,Elon Musk‚Äôs Boring Company to join Tesla in Austin for new tunnel¬†project https://t.co/Y6lQmj35eZ
2020-11-10 03:01:02,1325996862541713408,I've Seen The Future And It's Tesla's New UK VPP https://t.co/HyCmXGhIVh
2020-11-10 03:00:53,1325996824960798723,@elonmusk @Ed_Spartan_117 @Tesla @NYKChannel I'm very excited about the Cybertruck ü§ó
2020-11-10 03:00:47,1325996801044979712,"Elon Musk shares details about Tesla‚Äôs mRNA microfactories for CureVac
https://t.co/psJt0cXlDt"
2020-11-10 03:00:44,1325996788441092101,@elonmusk when/will Tesla Tequila be restocked?
2020-11-10 03:00:44,1325996785849028609,If my engine is fucked up from when that person hit me a couple weeks ago... I‚Äôm going after the whole policy and will be getting my Tesla next year lol
2020-11-10 03:00:24,1325996701929320449,The first Tesla taxi in NYC just hit the streets as the city‚Äôs only electric yellow cab. The plan is for hundreds more to join it. üöïüîãüóΩ https://t.co/hFvKPB1OHS $TSLA #Tesla #EV #TeslaTaxi https://t.co/VRTSbQReht
2020-11-10 03:00:21,1325996691112210435,@NILES100 all in a days work. the Tesla practically stopped itself
2020-11-10 03:00:18,1325996676029538305,"#Tesla's Austin factory could play a big role in the strategic future of Elon Musk's #ElectricVehicle company.

#SiliconValley #Austin #autotech #batteries‚Äã https://t.co/Lvq7uPWas5"
2020-11-10 03:00:09,1325996639249555457,@ChrisLiMRX3 Tesla was unlikely. SpaceX was unlikely
2020-11-10 03:00:07,1325996633524297728,Very interesting article.  What a Biden White House could mean for Tesla - CNBC https://t.co/N5ZTfo7s8m
2020-11-10 03:00:00,1325996601630986240,ABB &amp; Lion Electric Partner On EV Charging Equipment https://t.co/hjyzAiSKYx #TeamElon $TSLA #Tesla
2020-11-10 02:59:45,1325996541388132353,Tesla is going to get y‚Äôall coins any way they can üòÇ https://t.co/ddEYCn5fjD
2020-11-10 02:59:35,1325996496756461573,@elonmusk @SamTalksTesla @Tesla Tesla security phone case....covers camera front back of phone model whether ipone or android...all that is needed is silicone and 3d printer....$5 each sell 100 mill = $$$
2020-11-10 02:59:32,1325996486816112641,@Tesla @elonmusk Can Tesla make low ended car like Toyota Honda or Nissan for our middle class? Every company having one high and one low brand. But Tesla don't. Need Hybrid and electric car to reduce emission also convert all diesel engine truck to hybrid. Get PPP with other manufacturers/merger
2020-11-10 02:59:26,1325996461516001281,In-car footage from Sunday‚Äôs Plaid Model S run at Laguna Seca https://t.co/rwQDBFCWoH
2020-11-10 02:59:21,1325996440129167360,#FSDBeta drive in the rain. No disengagement‚Äôs for a 14 minute drive. The future is here folks and brought to you by @elonmusk @tesla. Part 1 here. https://t.co/AhwNVtM7T7 https://t.co/wdmGMNRsrE
2020-11-10 02:59:19,1325996428683063296,Tesla Owners Share Supercharging Experiences As Tesla Announces Its 20K Supercharger¬†Milestone https://t.co/sYrbqBaywa
2020-11-10 02:59:18,1325996424182394880,"Mini Tesla coil!

Prototype v2.3

What's new:

¬ª upgraded secondary coil¬†
¬ª power switch + led indicator
¬ª frequency + pulse width controls
¬ª üé∂ (stay tuned ;) https://t.co/mEiiY0Nvii"
2020-11-10 02:59:17,1325996420894253056,@alexcutler247 @FiskerInc I‚Äôve never seen a Tesla Advertise
2020-11-10 02:59:16,1325996417647857664,20k Superchargers and counting https://t.co/urudyt9Eui
2020-11-10 02:59:06,1325996376950534145,@Tesla Where's this? It's a beautiful sight.
2020-11-10 02:58:54,1325996325360463872,I‚Äôm in love with my car.. it makes me feel pretty  @Tesla @elonmusk https://t.co/udtL7U1XBa
2020-11-10 02:58:41,1325996272591855617,"GeekWire: Ex-Microsoft engineer gets 9 years in prison after using digital currency scheme to buy $1.6M lakefront home, $160K Tesla.
https://t.co/WLZSQx9Xbc

via @GoogleNews"
2020-11-10 02:58:34,1325996240149082112,Imagine believing that Tesla is working on a vaccine. https://t.co/tCYfkqwgqn
2020-11-10 02:58:27,1325996210679853056,20k Superchargers and counting https://t.co/urudyt9Eui
2020-11-10 02:58:15,1325996161396781056,Imagine believing that Tesla is working on a vaccine. https://t.co/tCYfkqwgqn
2020-11-10 02:58:14,1325996159140130821,"Tesla Tequila has been on display in Tesla showrooms everywhere for years. Elon - the ultimate troll. ü§Ø
Original Post by @brandenflasch on FB https://t.co/05R6aXRebF"
2020-11-10 02:58:09,1325996138827231236,"The most INSANE giveaway ever from @AppSumo ‚Äî win a @Tesla, $10,000 in case, and tons more üöóüéâ #giveaway #win https://t.co/l4kkzbbfo5"
2020-11-10 02:58:05,1325996122129698816,"So is Ben Kallo now saying that $tsla is a POS like $bynd?

https://t.co/UObzB0VwC0"
2020-11-10 02:58:05,1325996119592116224,So Tesla is now hiding a Tesla Tequila their poster. https://t.co/q9yaIkxZCy
2020-11-10 02:58:00,1325996100239699968,@SamTalksTesla @Tesla @elonmusk This is a joke no?
2020-11-10 02:58:00,1325996098738073605,Tesla Full Self Driving Beta Test Drive (daylight) https://t.co/eUJC2t9V3L via @YouTube
2020-11-10 02:57:51,1325996059814883328,"Tesla is amazing, but Fisker will be better"
2020-11-10 02:57:50,1325996057453531136,"Tesla Shanghai Should Produce 550,000 Cars in 2021 https://t.co/y9JZjrpUTF https://t.co/FdsRVh03LH"
2020-11-10 02:57:44,1325996033537536000,"Former SpaceX, Tesla engineer to lead Boeing‚Äôs software team #SpaceX via https://t.co/s7n0wYZc3s https://t.co/WlGxsb70vR"
2020-11-10 02:57:26,1325995955146035200,@CarolynDonlin @Kristennetten @Tesla @elonmusk Congratulations!
2020-11-10 02:56:58,1325995838317989888,What a Biden White House could mean for Tesla  https://t.co/1TMfD7aTmh
2020-11-10 02:56:55,1325995825735086080,What a Biden White House could mean for Tesla https://t.co/qzRVWspleh
2020-11-10 02:56:44,1325995781896228865,"@SamsungSupport What guidelines ? I'm confused. The setting doesn't not exist, not how they can fix that remotely ü§∑‚Äç‚ôÇÔ∏è My electric range isn't connected to my wifi, there's no OTA update you can push. This is an electric range, not a Tesla üò•"
2020-11-10 02:56:33,1325995734005551106,#News #ElonMusk Elon Musk shares details about Tesla‚Äôs mRNA microfactories for CureVac https://t.co/zmUxzbJX5l https://t.co/wsRBDu9OSB
2020-11-10 02:56:32,1325995729312116737,"@JA9GOAT I'm not bragging, I'm looking for new info on $TLSA and I keep getting people taking about tesla."
2020-11-10 02:56:28,1325995711800946693,"This is just my desktop, flows out the Tesla
Know that they ain't got no shit to do, they just a chatterbox
Now I wear a muzzle to the bank, because I laugh a lot
Now I tell the paparazzi, ""Turn the fucking cameras off"""
2020-11-10 02:56:05,1325995615684231171,@Tesla  the biggest producer of tequila :) https://t.co/RLxiA8Dmq6
2020-11-10 02:55:57,1325995581823721473,"@heydave7 @NYKChannel What do their friends, family, and regular job coworkers think about their channel and fanaticism of Tesla?"
2020-11-10 02:55:51,1325995557517578240,@LamichhaneN Initial idea and conceptualized by Space X n Tesla...
2020-11-10 02:55:28,1325995462554476544,@DavidDobrik ion need ur tesla anymore lil baby got us purrr https://t.co/2pmim9m2Ii
2020-11-10 02:55:27,1325995459299561473,"People often say @Tesla should make an all-electric bus, but nobody LOVES busses.
Look at @boringcompany plans. In the future there will be very infrequent need for vehicles with capacity &gt; 8.
Electric Autonomous Micromobility is what the world wants, it‚Äôs what Tesla will deliver"
2020-11-10 02:55:13,1325995400591941633,20k Superchargers and counting https://t.co/urudyt9Eui
2020-11-10 02:55:03,1325995354752348161,"Elon was found passed out against a Tesla Model 3, surrounded by ""Teslaquilla"" bottles, the tracks of dried tears still visible on his cheeks. 

This is not a forward-looking statement, because, obviously, what's the point?

Happy New Month! https://t.co/YcouvFz6Y1"
2020-11-10 02:55:02,1325995352286179329,The greatest generation of all time: Classic Rock: Edison's Medicine by Tesla! Tune in and get paid #cryptocurrency at https://t.co/okWxACu8AS it's our own Stimulus Plan!
2020-11-10 02:54:56,1325995326671638530,NYC needs a massive solar powered Tesla V3 Supercharger with high visibility on the West Side Highway ‚Å¶@elonmusk‚Å©. No brainer... $TSLA #NYC #RenewableEnergy  https://t.co/3Onc9N3PZW
2020-11-10 02:54:33,1325995232798896128,"fuck you, you fucking fuck ‚ù§Ô∏è

#MercedesBenz #Brampton #Ontario #PeelRegion #Mississauga #toronto #Tesla #Oakville #BMW #Hyundai #TopGear https://t.co/d7sQWcz9Ew"
2020-11-10 02:54:19,1325995171037720576,"You can only buy one of these #albums which one do you choose? Or do your pass on both? It's all about the #Music - Pick One! 

#LongColdWinter or #TheGreatRadioControversay 
#Cinderella #Tesla 

#HeavyMetal #RocknRoll https://t.co/yOJW4e3j4k"
2020-11-10 02:54:02,1325995098849435648,"Tesla‚Äôs RNA Bioreactor Can Make Vaccines &amp; Save Lives, But Won‚Äôt Be Financially Material For¬†Tesla https://t.co/H0pzBtjMoU"
2020-11-10 02:53:47,1325995037365325826,@forgedinvodka Transmitters you say. Where do the batteries go?  Or is this some free energy Tesla shit you think is going on?
2020-11-10 02:53:45,1325995030293737478,"Stock returns since IPO:

Microsoft +230,969%
Adobe +224,971%
Amazon +165,959%
Apple +83,785%
Nike +73,350%
Cisco +49,928%
Netflix +40,915%
Nvidia +35,039%
Tesla +9,113%
Starbucks +28,792%
Mastercard +7,399%
Salesforce +6,170%
eBay +5,667%
Visa +1,418%
Facebook +660%"
2020-11-10 02:53:26,1325994948043431939,This bitch wanna go OT and she wants us to rent a Tesla and I‚Äôm not with it ! They give me anxiety üò•
2020-11-10 02:53:11,1325994885472772098,@elonmusk Any chance of seeing Tesla insurance in Florida soon?
2020-11-10 02:53:07,1325994868661956609,@BLKMDL3 @elonmusk Tesla really need to bridge this gap that some insurances are not willing or not understand for places that Tesla insurance isn't available for.
2020-11-10 02:53:03,1325994852358610944,Elon Musk shares details about Tesla‚Äôs mRNA microfactories for CureVac https://t.co/4A0hJjqOQL https://t.co/oVTYcsCcz5
2020-11-10 02:53:02,1325994849867272193,@SaraJAwesome @Tesla @elonmusk Boys settle down. It's like you haven't seen a Model Before. I mean Model 3.
2020-11-10 02:52:57,1325994827285229570,I saw this and now you have to see it https://t.co/blkKTeyjQv
2020-11-10 02:52:56,1325994822079979520,Pfizer is working on a specialized solution.  Tesla is working on a general solution. https://t.co/6PcR09pUuY
2020-11-10 02:52:48,1325994789574119424,"SpaceX and Tesla could earn lot more if they focused bit more on their merch. 

Come on @elonmusk , get some guy to do it. Internationally. SpaceX ships international but that gets too costly, Tesla is limited to few countries. https://t.co/5GYUtrSyJk"
2020-11-10 02:52:28,1325994706979991558,"@FullSelfDriving @heydave7 @NYKChannel Yes, seems like they lost a lot of followers and turned people off, but in the end, they have been right by being Tesla bulls."
2020-11-10 02:52:18,1325994664386727936,@elonmusk $OZSC  Will make Tesla the best choice .
2020-11-10 02:52:15,1325994650746826753,@KOT4Q You in a tesla
2020-11-10 02:52:14,1325994647651569664,@Robert13085887 @CNBC Apparently you‚Äôve never heard of Tesla.
2020-11-10 02:52:13,1325994643511603203,@elonmusk Probably in a Tesla browser?üòâ
2020-11-10 02:52:09,1325994628655427584,Enjoy Toto‚Äôs ‚ÄúAfrica‚Äù Played Entirely on Tesla Coils https://t.co/J5pt3oi0GR via @https://nerdist.com
2020-11-10 02:52:09,1325994627464384515,What a Biden White House could mean for Tesla https://t.co/5IQRvKxE2G https://t.co/VNJB32c1bu
2020-11-10 02:51:58,1325994580043501569,"Tesla documentary series Episode 2010 (Updated) 

Updated episodes to be rolled out

https://t.co/qbcTOmZkUR https://t.co/OBp2BGHQx5"
2020-11-10 02:51:54,1325994563144622080,@lauture509 @NIOGlobal ID.4 is the Tesla killer
2020-11-10 02:51:52,1325994556253409280,"@erinbeess Spotify, Tesla, Notion, figma, twitter to name a few well known ones"
2020-11-10 02:51:48,1325994540415807488,@BriArsement she is very creepy disco:tesla#3785
2020-11-10 02:51:43,1325994518383104001,@The_pKchu @chloegraccce Tesla plug into the wall and stupid girl no realize
2020-11-10 02:51:38,1325994497566765060,"Scan the #QR code or click the link https://t.co/0TZ5QvbIOj
to watch the new #full #movie in full #hd #4k about #Tesla
#movies #film #history #LBRY #streaming #free #HD #4k ('|', ' ', 'p') https://t.co/ssGZLjvMJr"
2020-11-10 02:51:32,1325994472728096769,"@RuralReason @BestBuy @Tesla So buy a $15,000+ car, just like that? These remote starts are aftermarket mods for like $400. Wrong market here man."
2020-11-10 02:51:26,1325994448073973765,@ValueAnalyst1 @charliebilello Amazon and Tesla had products though.
2020-11-10 02:51:19,1325994415777837056,"Has anyone pulled ahead of a Tesla on a highway and held a proportional replica of a stop sign in front of it?

If so, what did it do?"
2020-11-10 02:50:46,1325994279144222725,20k Superchargers and counting https://t.co/urudyt9Eui
2020-11-10 02:50:42,1325994263881125888,"Any governmentally administered public education system (whether national, state, county or city) should be required to fund every student identically.  I believe inequality of educational opportunity is the root of our problems."
2020-11-10 02:50:39,1325994247938580480,"Tesla finally acknowledges eMMC failure with its touchscreen, offers extended warranty https://t.co/RrAPDEiod3"
2020-11-10 02:50:23,1325994181920256000,10 years of @tesla $TSLA history ü§î https://t.co/hKtlSVLyL8
2020-11-10 02:50:15,1325994146939736067,@Ed_Spartan_117 @Tesla @NYKChannel Wait until you see what Cybertruck will do
2020-11-10 02:50:08,1325994120414892033,@TeslaNY @Tesla @elonmusk Well it's no robotaxi but I'll take it!
2020-11-10 02:49:57,1325994071643443200,"@JohnEG78 @TeslaChillMode @Tesla @BLKMDL3 @omg_tesla @AdamsPolishes Nah we have 3 ICE cars in attendance. Vendors who created apps, services or products for EVs. We are a welcoming club so all are welcome. Not all who walk in a church believe. Tesla club is open and we love to help people see the light. https://t.co/VtavlfjKt7"
2020-11-10 02:49:28,1325993951245971456,@CodingMark @tosvjohn @tesla_raj I‚Äôm anxious to see @TonyTesla4Life‚Äôs new product in action!  Getting one of those too? üò¨
2020-11-10 02:49:25,1325993939745337344,"Tesla Documentary Series UPDATE

https://t.co/EEa5YOvqVe https://t.co/Typ3uLYtrK"
2020-11-10 02:49:06,1325993858891714560,Imagine believing that Tesla is working on a vaccine. https://t.co/tCYfkqwgqn
2020-11-10 02:49:04,1325993849882251265,Dont ever give me a Tesla again. I was lit as a BITCH last night. Doing tooooo much ! ü§¶üèª‚Äç‚ôÇÔ∏è
2020-11-10 02:48:47,1325993778239442946,"Tesla‚Äôs RNA Bioreactor Can Make Vaccines &amp; Save Lives, But Won‚Äôt Be Financially Material For¬†Tesla https://t.co/H0pzBtjMoU"
2020-11-10 02:48:45,1325993771633291264,@danwhoa Tesla coil song covers are the future of music
2020-11-10 02:48:44,1325993767002906631,@teslaownerssv @elonmusk @Tesla Hope they fix fast wipe on normal rain
2020-11-10 02:48:42,1325993757603454976,"@SaraJAwesome @Tesla @elonmusk Adam.... How on earth....

They must call you tripod"
2020-11-10 02:48:38,1325993741979590656,"I had someone walk up to me (similar age) when I parked at the grocery store earlier and asked me a bunch of questions about my Tesla. He said he had a Cybertruck reservation but wasn't sure what to choose.

Always enjoy moments like that."
2020-11-10 02:48:38,1325993741388312577,"@TeslaTested Out here in the real world, and not conspiracy Twitter, the lawyers working at the firm hired to file the suits for Trump are very concerned about the ethical implications of making these clearly insignificant claims. https://t.co/nBc9LQGsuI"
2020-11-10 02:48:35,1325993731057573888,20k Superchargers and counting https://t.co/urudyt9Eui
2020-11-10 02:48:31,1325993714200809472,What a Biden White House could mean for Tesla https://t.co/EYeAvCAhkw
2020-11-10 02:48:30,1325993708660133889,Taking the Tesla NYE and going to fuck the MGM up!
2020-11-10 02:48:25,1325993686006722562,@klwtts what about owners? What they supposed to do? A throw away tesla?
2020-11-10 02:48:24,1325993682877607936,Buying a Tesla https://t.co/HLLeHIOILk
2020-11-10 02:48:23,1325993677618024451,"‚ÄúIf you knew the magnificence of the three, six and nine, you would have a key to the universe.‚Äù ‚Äì Nikola Tesla"
2020-11-10 02:48:22,1325993675134914561,"Elon was found passed out against a Tesla Model 3, surrounded by ""Teslaquilla"" bottles, the tracks of dried tears still visible on his cheeks. 

This is not a forward-looking statement, because, obviously, what's the point?

Happy New Month! https://t.co/YcouvFz6Y1"
2020-11-10 02:48:20,1325993665051848704,Can I make five reports and then buy a Tesla Model X? https://t.co/pmDdHiPLtC
2020-11-10 02:48:02,1325993590787633154,"Tesla‚Äôs RNA Bioreactor Can Make Vaccines &amp; Save Lives, But Won‚Äôt Be Financially Material For¬†Tesla https://t.co/H0pzBtjMoU"
2020-11-10 02:47:51,1325993543534587906,i want a tesla model 3 for my birthday... an all black one.
2020-11-10 02:47:36,1325993482666840064,@SaraJAwesome @EliBurton_ @Tesla @elonmusk WOW!!! God bless Tesla. God bless Sara üôèüèºüëçüèºüëåüèº
2020-11-10 02:47:35,1325993478942195717,@ratemyskyperoom @karaswisher Blatant code violations - and yet a handy place to slo speed Tesla charge when in the ‚Äòhood!
2020-11-10 02:47:31,1325993460306911232,"Ex-Microsoft engineer gets 9 years in prison after using digital currency scheme to buy $1.6M lakefront home, $160K Tesla https://t.co/jWbwS6eeZs via @GeekWire"
2020-11-10 02:47:00,1325993332644990981,#FSDBeta drive in the rain. No disengagement‚Äôs for a 14 minute drive. The future is here folks and brought to you by @elonmusk @tesla. Part 1 here. https://t.co/AhwNVtM7T7 https://t.co/wdmGMNRsrE
2020-11-10 02:46:39,1325993243226513408,"@jimcramer Tesla is neither young, nor profitable."
2020-11-10 02:46:29,1325993200780185600,"@CodingMark @tosvjohn @tesla_raj Oh no Mark !! Did you not know that $350 GOPRO price into Tesla stock would have made you over $350,000 in 20 years ??"
2020-11-10 02:46:26,1325993189287714817,"10 Years from now:
‚Ä¢ Tesla will be THE transportation and Energy Co.
‚Ä¢ Will produce vehicles for autonomy first, pleasure second
‚Ä¢ Fremont Factory will be transitioned into either vehicle refurbishing facility or prototype assembly lines for Giga/Terafactories"
2020-11-10 02:46:25,1325993186142117888,"@MollyMcKew Rudy drove his aging Tesla down I-95 in the slow lane. He was excited. He wiped a tear for those heady days of 2020, now 15 years ago. Most of the players were long since dead. He came alone today, on his annual pilgrimage to Four Seasons Total Landscaping Trump Library &amp; Museum."
2020-11-10 02:46:21,1325993169293488128,@mithunoorath Very good point. Only Tesla is 50%+ made in U.S.A.
2020-11-10 02:46:19,1325993158405054465,"@IheartTesla @Kristennetten @elonmusk @teslaownerssv @Tesla Please help retweet an Oil Painting i did of @elonmusk , I'd really love for him to see it @teslaownerssv @Tesla @SpaceX https://t.co/aMSQW6rPuN"
2020-11-10 02:46:14,1325993139103014913,My 5 year old keeps telling people we're getting a @Tesla in 280 days for some reason. üòÇ
2020-11-10 02:46:12,1325993130068488192,@teslainventory @Kristennetten https://t.co/yTmJ9GVu2d &gt; select all &gt; ship to Erik üòâ
2020-11-10 02:46:10,1325993122493571072,"Tesla‚Äôs RNA Bioreactor Can Make Vaccines &amp; Save Lives, But Won‚Äôt Be Financially Material For¬†Tesla https://t.co/H0pzBtjMoU"
2020-11-10 02:46:07,1325993106651688960,"NASDAQ:TSLA   $TSLA   #TSLA   #GigaBerlin   Tesla, Inc.   ‚Äî-&gt; GF4 - GigaFactory 4,  in  Berlin, Germany üá©üá™   ‚Äî-&gt; üîµ 2020.11(nov.).9.MON.:  Insights  into the buildings  of #GigaBerlin. 

@Tesla https://t.co/vfcH2Rgotv"
2020-11-10 02:46:05,1325993100830011392,"@dezmondOliver @CodingMark I currently have zero referrals, not for lack of trying, haha!  I'd be honored to refer you. https://t.co/U11VXuKabi"
2020-11-10 02:46:04,1325993097562558464,"Breaking üö® :Tesla offering warranty extension for older Model S and X and the eMMC issue

https://t.co/MPntX50qgz"
2020-11-10 02:45:56,1325993063064465412,"I will be giving away this first table for #tesla #model3 to someone that like &amp; Retweet &amp; follows. Thinking of doing a limited amount of them, will sell for $69.42 at first (includes US shipping) DM me to be added to the waiting list. @vincent13031925 @tesla_raj @teslaownerssv https://t.co/VQ7AFkHJUc"
2020-11-10 02:45:49,1325993034799050753,#FSDBeta drive in the rain. No disengagement‚Äôs for a 14 minute drive. The future is here folks and brought to you by @elonmusk @tesla. Part 1 here. https://t.co/AhwNVtM7T7 https://t.co/wdmGMNRsrE
2020-11-10 02:45:46,1325993020966232065,@klwtts Tesla has the most inspiring mission of any company in the history of humankind https://t.co/JTWxQQSSlY
2020-11-10 02:45:32,1325992962883457029,"@LuoshengPeng They keep tell me nio is like Tsla! Is that the one stolen from Elon while he worked at Tesla factory in China?! My mind do want me tobgo there. It's on my watch list under $12, same price when w Ino, I am such a stubborn idiot, right?"
2020-11-10 02:45:32,1325992961427927042,@BLKMDL3 @elonmusk Did you try reaching out to Tesla to see if they‚Äôre willing to extended the refund period for FSD? Given the circumstances I‚Äôm sure someone could allow it.
2020-11-10 02:45:18,1325992902443606016,@bambenek @JeffPassan @pinepaula @MoynihanCharles I hope there's at least a Tesla autodrive function to take him out of town
2020-11-10 02:45:18,1325992901772513280,Imagine believing that Tesla is working on a vaccine. https://t.co/tCYfkqwgqn
2020-11-10 02:45:12,1325992878691246080,"Tesla Giga Shanghai Starts RHD Model 3 Production, Hong Kong 1st to Receive

$TSLA #Tesla #Model3 
https://t.co/qNFXV4XtdB"
2020-11-10 02:44:56,1325992810982461440,What a Biden White House could mean for Tesla https://t.co/5IQRvKxE2G https://t.co/VNJB32c1bu
2020-11-10 02:44:54,1325992802245861377,"Tesla‚Äôs RNA Bioreactor Can Make Vaccines &amp; Save Lives, But Won‚Äôt Be Financially Material For¬†Tesla https://t.co/H0pzBtjMoU"
2020-11-10 02:44:53,1325992797917368323,@NickEnaigbe Baron Trump's Marvellous Underground Journey and 1900: The Last President are true stories; Baron will use Tesla's time machine recovered by John G Trump upon Tesla's death and hidden away for decades to travel back to the 1800's avoiding certain death at the end of the world.
2020-11-10 02:44:45,1325992765268742144,Imagine believing that Tesla is working on a vaccine. https://t.co/tCYfkqwgqn
2020-11-10 02:44:43,1325992757865951234,#FSDBeta drive in the rain. No disengagement‚Äôs for a 14 minute drive. The future is here folks and brought to you by @elonmusk @tesla. Part 1 here. https://t.co/AhwNVtM7T7 https://t.co/wdmGMNRsrE
2020-11-10 02:44:43,1325992756892770305,@_mm85 I thought no one else can use Tesla charging system
2020-11-10 02:44:19,1325992656443375617,"10 Years from now:
‚Ä¢ Tesla will be THE transportation and Energy Co.
‚Ä¢ Will produce vehicles for autonomy first, pleasure second
‚Ä¢ Fremont Factory will be transitioned into either vehicle refurbishing facility or prototype assembly lines for Giga/Terafactories"
2020-11-10 02:43:55,1325992553200709632,thinking about using charging congestion to robo trade Tesla stock but eh I‚Äôd probably just get railroaded by some gambling kids on wallstreetbets
2020-11-10 02:43:53,1325992545776758784,Imagine believing that Tesla is working on a vaccine. https://t.co/tCYfkqwgqn
2020-11-10 02:43:44,1325992510053900289,@dezmondOliver Hello you are welcome to use my referral. Many people my age...haven't had the foresight to go EV so I've not had a referral yet. It would be my honor to help. https://t.co/UnmR0CINVO
2020-11-10 02:43:41,1325992496090976256,Imagine believing that Tesla is working on a vaccine. https://t.co/tCYfkqwgqn
2020-11-10 02:43:31,1325992455385264133,if you‚Äôve ever reposted david dobrik to win a Tesla block me rn
2020-11-10 02:43:19,1325992404860592136,@CodingMark @tosvjohn @tesla_raj The fat gecko triple mount is solid.
2020-11-10 02:43:17,1325992397394817025,@tesla_master @elonmusk It‚Äôs not a power frunk too?
2020-11-10 02:43:13,1325992377345953793,"When the Tesla you took 2 hours, finally hits https://t.co/QyAYeXGNMx"
2020-11-10 02:43:10,1325992365824204800,Imagine believing that Tesla is working on a vaccine. https://t.co/tCYfkqwgqn
2020-11-10 02:43:06,1325992348828880896,@CodingMark @tosvjohn @tesla_raj can you see how it handles The 680 Entrance on Bollinger? I haven't tried it with all those cones they put up recently.
2020-11-10 02:43:03,1325992335013007360,"$TSLA What a Biden White House could mean for Tesla

https://t.co/4f94EjM37w"
2020-11-10 02:42:59,1325992321830170624,@_Dalton_Daily_ @elonmusk You mean trunk
2020-11-10 02:42:44,1325992256659058689,Imagine believing that Tesla is working on a vaccine. https://t.co/tCYfkqwgqn
2020-11-10 02:42:40,1325992239277907970,So Tesla is now hiding a Tesla Tequila their poster. https://t.co/q9yaIkxZCy
2020-11-10 02:42:34,1325992213797613569,"#UPDATE The head of the #OSCE international observer mission to the US elections has accused Donald Trump of a ""gross abuse of office"" after the president alleged he was being cheated and demanded that vote counting be halted https://t.co/NbKJ9NAefZ https://t.co/GNeLrDI7NQ"
2020-11-10 02:42:33,1325992212497305605,20k Superchargers and counting https://t.co/urudyt9Eui
2020-11-10 02:42:23,1325992167429578753,via Keubiko: Imagine believing that Tesla is working on a vaccine. $tsla https://t.co/YIYYhTIri9
2020-11-10 02:42:17,1325992143744196610,"When the Tesla you took 2 hours, finally hits https://t.co/QyAYeXGNMx"
2020-11-10 02:42:17,1325992142955814912,@tesla_master @elonmusk Als have the interior lights flashing
2020-11-10 02:42:08,1325992107937394688,"Forget Tesla, Volvo will have electric trucks ready in two years https://t.co/fla01at6Ur https://t.co/pEtJNEIoxL"
2020-11-10 02:42:05,1325992095094616064,#FSDBeta drive in the rain. No disengagement‚Äôs for a 14 minute drive. The future is here folks and brought to you by @elonmusk @tesla. Part 1 here. https://t.co/AhwNVtM7T7 https://t.co/wdmGMNRsrE
2020-11-10 02:41:58,1325992065201819649,@tesla_master @elonmusk With the frunk opening and closing
2020-11-10 02:41:55,1325992053428297729,@elonmusk @SamTalksTesla @Tesla Money is not everything
2020-11-10 02:41:52,1325992038295351300,"@jamescharles @Postmates James no offense, im a fan but really like you have a tesla you dont even have to drive it could just take you there.. im so confused"
2020-11-10 02:41:43,1325992001842589698,yoooo the CIA and Tesla collabed for a piece in the nyt https://t.co/QSN3rEWlZQ
2020-11-10 02:41:40,1325991989888774144,"Trust Elon Musk....üòé

Great share @FrRonconi üòç

#TheDigitalCoach #Tesla #Fun https://t.co/CXIMWK0mtw"
2020-11-10 02:41:36,1325991973229096960,"@elonmusk please please please...pick us for your beta test in Washington State.   I‚Äôm a photographer, my husband works from home in the auto industry and we have criminal speeds at top dollar.  My husband wanted me to point out we own Tesla stock :-) https://t.co/nLHfwWexPd"
2020-11-10 02:41:36,1325991970154672129,Tesla: innovating in bottle shapes since 2020 https://t.co/mkKTOE7C7H
2020-11-10 02:41:29,1325991941868318725,The first Tesla taxi in NYC just hit the streets as the city‚Äôs only electric yellow cab. The plan is for hundreds more to join it. üöïüîãüóΩ https://t.co/hFvKPB1OHS $TSLA #Tesla #EV #TeslaTaxi https://t.co/VRTSbQReht
2020-11-10 02:41:25,1325991927561547776,Imagine believing that Tesla is working on a vaccine. https://t.co/tCYfkqwgqn
2020-11-10 02:41:25,1325991926672187393,"üí•Telegram AMA Session üí•

Meet the Team Behind this Amazing Technology that will blow your mind! STAY CONNECTED with TESLA MESHBOX! 

Ask the Team anything this coming Tuesday here in https://t.co/KxbIO3bfTW 

Date: November 10,2020
Time: 9:00 Pm Sgt UTC +8

#meshbox #Blockchain https://t.co/9eIYDp60ew"
2020-11-10 02:41:19,1325991899627458560,"@on_tesla üò¨üò¨üò¨ it‚Äôs because they are compiling everything right now. There are going to submit it to the state under one lawsuit. They have till December 8th, they aren‚Äôt rushing to get it in."
2020-11-10 02:41:09,1325991857260617728,"@elonmusk @Ed_Spartan_117 @Tesla @NYKChannel Rather be fishing in my Cybertruck.
üîã‚õìüé£ 
https://t.co/dtC8Jg7nhD https://t.co/EftPtAqWoz"
2020-11-10 02:41:01,1325991824918532097,@AliciaWattle @jamescharles @Postmates See im a fan of him but sometimes i just cringe at ppl.. like he lost his tesla keys in an uber.. and he could have his tesla drive him to the restaurant.. idk theres just so much more important issues. I wish hed do something volunteer or use his voice about ppl with real issues
2020-11-10 02:40:56,1325991802307022848,@zamiiyaa Professionally ü•± I own a Tesla that‚Äôs why I can sleep while behind the wheel
2020-11-10 02:40:54,1325991793813413888,"@heydave7 @NYKChannel Hi Dave, I'd be curious to see you guys discuss their idea that tesla will stop selling cars to take control over their robotaxi and virtual power plant. Also how did they build their father/son relationship growing up? Will be a father soon myself."
2020-11-10 02:40:46,1325991762561622016,"Wow! One of my former colleagues got Tesla roofs!!!!! I didn‚Äôt know those were in Hawaii already!!!

That‚Äôs so cool!!! ‚òÄÔ∏èüîãüöó https://t.co/I59z1So9Hk"
2020-11-10 02:40:43,1325991751409000448,The first Tesla taxi in NYC just hit the streets as the city‚Äôs only electric yellow cab. The plan is for hundreds more to join it. üöïüîãüóΩ https://t.co/hFvKPB1OHS $TSLA #Tesla #EV #TeslaTaxi https://t.co/VRTSbQReht
2020-11-10 02:40:40,1325991738423566337,"Tesla (TSLA) could surprise with over 500,000 cars produced in China next year
...out of the 550,000 cars Tesla plans to produce in China next year, they also plan to export ‚Äúabout 100,000 Model 3 units and 10,000 Model Y units.‚Äù https://t.co/ZW9VmedZU1"
2020-11-10 02:40:39,1325991732106899459,anyways this is my most pointless invention yet call me nikola tesla
2020-11-10 02:40:28,1325991684916695043,My dad put a front license plate (Bc it‚Äôs the law) on the Tesla and it looks so ugly now üò≠
2020-11-10 02:40:26,1325991676330962944,"Dear Elon, I guess the locations of charging stations maybe very important in China. Most Chinese live in condos. It may not be easy to charge at home. Could this factor limits someone from buying a Tesla?"
2020-11-10 02:40:13,1325991622342008834,@Tesla Reddit: Parents leave daughter in car and turn dog mode on https://t.co/LaQ9Mr0nTH
2020-11-10 02:40:09,1325991608089636865,"@elonmusk @Ed_Spartan_117 @Tesla @NYKChannel Imagine a normal looking sedan, but instead of a trunk lid, a half depth truck bed that can also lift up to reveal a trunk."
2020-11-10 02:40:02,1325991576611467265,@TeslaTested No there‚Äôs not. Read the actual lawsuits where actual lawyers have to present their claims. They have nothing.
2020-11-10 02:39:57,1325991557892247552,"I will be giving away this first table for #tesla #model3 to someone that like &amp; Retweet &amp; follows. Thinking of doing a limited amount of them, will sell for $69.42 at first (includes US shipping) DM me to be added to the waiting list. @vincent13031925 @tesla_raj @teslaownerssv https://t.co/VQ7AFkHJUc"
2020-11-10 02:39:48,1325991518629482497,"@wesbury First Trust's Consumer Discretionary ETF has outperformed both tech and momentum stocks since the March lows. $FXD is now up 105% since the COVID-19 lows. Incredible. Biggest gainers include Wayfair (+725%), Carvana (+460%), and Tesla (+402%). #vaccine #coronavirus #ETFs https://t.co/gV1tq3pwkw"
2020-11-10 02:39:38,1325991478485639168,"Many thanks to @aikisteve @thenikolapro @BLKMDL3  @MFrunker @CliveFlint @CodingMark @TeslaGong @scottwww @teslainvernon @brockroberts @bonhomme123 @raderje for helping me with this. 

Congrats @Tesla and @elonmusk on 20K Superchargers! Here's to 50K next. https://t.co/qZshSi56Mr"
2020-11-10 02:39:37,1325991474278899714,"@Reuters Need to remember to be critical of Biden as ppl were critical of Trump. Both are racist, corrupt, sociopaths that cannot be trusted. Biden is not a savior. He was just the lesser of two evils."
2020-11-10 02:39:13,1325991371187085313,"Let‚Äôs contribute to the largest @Twitter celebration by sharing smth making you smile this season. 
@jlandpartners 
@waitrose 
@marksandspencer 
@Tesla 
@IKEAUSA and @IKEAUK 
@Nike 
@Starbucks 
@LEGO_Group 
will you join? #shareChristmasMagic"
2020-11-10 02:39:06,1325991341407559681,"@ArkadiuszKula Along with Chanos, long time Tesla bull is also there. Either way, as a government either they could hurt all the automotive industry or none. They can‚Äôt single out Tesla. Also if they have to, Tesla can invoke the build in America claim which others would struggle to show."
2020-11-10 02:39:02,1325991324105859072,"@LostInAutumnBnd I am incredibly bummed that @pinkyracr didn't live long enough to see Biden officially destroy trump üíî

I'm utterly devastated over my beloved Tesla but he's still alive &amp; I have hope he'll stay w me a little longer.

Gutted my amazing friend is gone üòø"
2020-11-10 02:38:58,1325991309459468288,@getjeda @Rivian @Tesla Cybertruck. That Hummer cab looks like it has an aftermarket stereo from the 90‚Äôs.
2020-11-10 02:38:37,1325991221811007488,"NEW: Richard Pilger, the official who oversees election crimes has stepped down over Barr's memo:
‚ÄúHaving familiarized myself with the new policy and its ramifications‚Ä¶ I must regretfully resign from my role as Director of the Election Crimes Branch.‚Äù
https://t.co/HS1rByXgSJ"
2020-11-10 02:38:30,1325991190492274689,"@BLKMDL3 I recently went through this with the insurance company. They base what they are willing to pay on the avg repair cost of the repair. Problem is, Tesla certified shops often charge more than average rates."
2020-11-10 02:38:26,1325991174155476992,"$TSLA What a Biden White House could mean for Tesla

https://t.co/4f94EjM37w"
2020-11-10 02:38:20,1325991150306516993,#Tesla #elonmusk launching expensive liquor bottle. https://t.co/h9clJx4vtx
2020-11-10 02:38:15,1325991129901305857,"@SamTalksTesla @Tesla I do expect this to become an important product for the world, but probably not financially material for Tesla"
2020-11-10 02:38:10,1325991109194113024,"The vaccine that @tesla are working on takes a similar approach to Pfizer and although slower to human trials, may be easier to scale, optimising the nucleic acid rather than chemical modification of the RNA. Any updates on this @elonmusk? https://t.co/77iIQJSqsW"
2020-11-10 02:38:08,1325991101052841992,@TeslaJoy anybody with money is going to buy a tesla it's a beautiful car
2020-11-10 02:38:06,1325991092412624897,@SamTalksTesla @Tesla Tesla makes the RNA Bioreactor that can make vaccines / cures. CureVac has version 2 in use. Version 3 is under development.
2020-11-10 02:38:02,1325991072825180160,"via @cleantechnica Tesla‚Äôs RNA Bioreactor Can Make Vaccines &amp; Save Lives, But Won‚Äôt Be Financially Material For Tesla https://t.co/luzH6MtJA7"
2020-11-10 02:37:58,1325991059248148481,@model3_tesla You are the Halo CE goat!
2020-11-10 02:37:51,1325991026918486016,@SaraJAwesome @EliBurton_ @Tesla @elonmusk Simp Nation up in these comments üòÇ
2020-11-10 02:37:41,1325990984593809410,@GregAbbott_TX @Nasdaq Just learning about all of this and I have a shit ton of Tesla stock to sell at the next rise. Keeping my money in California. Thank you very much.
2020-11-10 02:37:33,1325990951660056576,@model3_tesla @_cthesavage But Trump is a fascist.
2020-11-10 02:37:33,1325990951119065088,@MichaelRBodner @elonmusk @jgrano305 Tesla insurance has done better than progressive for me in California. üíµ
2020-11-10 02:37:33,1325990950636675072,"Now gangsters are driving Tesla. ü§¶üèª‚Äç‚ôÄÔ∏è

https://t.co/r0lajJfuPd"
2020-11-10 02:37:31,1325990942655057920,"@miyawallace20 @squeezyjohn @Crimson_Orca @JuliaHB1 3/ Not a single new global tech, automotive or consumer business has come out of the EU since we joined due to the comp law framework whilst countries have been fuelling growth based on state aid (from Tesla to Samsung/Apple/Toyota/Amazon/Sony/Canon/Apple the list is endless.."
2020-11-10 02:37:16,1325990882324189184,"The Tesla Electric Light &amp; Manufacturing Co.
Our planet could of been heaven on Earth
Instead it has been perversed into a reality matrix of suppression and a system of ""money"" to essentially keep us tied up with bills and worries &amp; forgetting the true spiritual power of our mind https://t.co/UH0zVPnj29"
2020-11-10 02:37:05,1325990834215428096,"Elon was found passed out against a Tesla Model 3, surrounded by ""Teslaquilla"" bottles, the tracks of dried tears still visible on his cheeks. 

This is not a forward-looking statement, because, obviously, what's the point?

Happy New Month! https://t.co/YcouvFz6Y1"
2020-11-10 02:37:00,1325990816280678402,I want to try the new Tesla tequila
2020-11-10 02:36:57,1325990801738878976,"Stock returns since IPO:

Microsoft +230,969%
Adobe +224,971%
Amazon +165,959%
Apple +83,785%
Nike +73,350%
Cisco +49,928%
Netflix +40,915%
Nvidia +35,039%
Tesla +9,113%
Starbucks +28,792%
Mastercard +7,399%
Salesforce +6,170%
eBay +5,667%
Visa +1,418%
Facebook +660%"
2020-11-10 02:36:46,1325990756608176129,"The ‚ÄúMillion-Mile Battery‚Äù isn‚Äôt about your improving the value of your personal vehicle, it‚Äôs about making a Robotaxi that‚Äôs on the road continuously for 2-5 years before being refurbished with a newer better battery. #Tesla #Robotaxi"
2020-11-10 02:36:35,1325990709338333184,"The ‚ÄúMillion-Mile Battery‚Äù isn‚Äôt about your improving the value of your personal vehicle, it‚Äôs about making a Robotaxi that‚Äôs on the road continuously for 2-5 years before being refurbished with a newer better battery. #Tesla #Robotaxi"
2020-11-10 02:36:33,1325990702786867201,"@FoxNews Yes, he will! #BidenCares"
2020-11-10 02:36:14,1325990621341945856,Toyota is set to finance a flying car project that could take flight by 2018 https://t.co/6mKR89h66B  nology
2020-11-10 02:36:13,1325990616275148801,@Yvesb @vincent13031925 @tesla_raj @MatchasmMatt @kimpaquette @DenDenclipz @TwoBitDaVinci @Gfilche @NYKChannel Bruh just give it to me
2020-11-10 02:36:01,1325990568267296768,@faerie_ow @McCreesAshe Hey homie thanks for letting me borrow your tesla you want me to drop it off at that orphanage you run or?
2020-11-10 02:35:55,1325990543034376192,"@Robotbeat @ghotiing @CruizVinicius @josh119872 @SweetINXS @voteLabonte @Erdayastronaut @Tesla Tesla actually sent out ResMed, Philips &amp; Medtronic units. Latter is fully intratracheal. My personal opinion is that some ICUs are jumping the gun on intubation &amp; setting PEEP &amp; O2 too high. High pressure, pure oxygen increases risk of lung damage. https://t.co/2IUnS5DPOg"
2020-11-10 02:35:53,1325990535111217153,@dezmondOliver Now you just need to buy 16 more Tesla‚Äôs and you are solid.
2020-11-10 02:35:49,1325990515465072641,"Planning to upload a few neighborhood autopilot videos tonight with my new GoPro, NOT #FSDBeta. ü§† The camera setup is very haphazard, but I ordered a couple mounting items suggested from @tosvjohn and @tesla_raj to hopefully give a better viewing experience in the future. ü§ì"
2020-11-10 02:35:47,1325990506732658689,@yestheplanet I am dumb. What is the Danish Microsoft or Tesla?
2020-11-10 02:35:44,1325990494606819330,"The ‚ÄúMillion-Mile Battery‚Äù isn‚Äôt about your improving the value of your personal vehicle, it‚Äôs about making a Robotaxi that‚Äôs on the road continuously for 2-5 years before being refurbished with a newer better battery. #Tesla #Robotaxi"
2020-11-10 02:35:39,1325990473979326468,Partial list of hospitals to which Tesla sent ventilators https://t.co/sfI6yuUbrM
2020-11-10 02:35:31,1325990442534580224,"Better late than never.

But um.. where are they finding 3,000 talented people to work on this?

All the best are working at #SpaceX and #Tesla.

$TSLA https://t.co/zvPN8oJPlV"
2020-11-10 02:35:28,1325990428978548736,"I will be giving away this first table for #tesla #model3 to someone that like &amp; Retweet &amp; follows. Thinking of doing a limited amount of them, will sell for $69.42 at first (includes US shipping) DM me to be added to the waiting list. @vincent13031925 @tesla_raj @teslaownerssv https://t.co/VQ7AFkHJUc"
2020-11-10 02:35:27,1325990424272629760,@Kristennetten @thirdrowtesla @Tesla This is the key paragraph https://t.co/zvTWhPVcM4
2020-11-10 02:35:16,1325990377585737729,"Whoever ends up being Joe Biden's Attorney General, I'd love to see them investigate/prosecute Bill Barr."
2020-11-10 02:34:56,1325990295817900038,@Obidecoque I wish I knew about it earlier honestly. I have a friend that made 4K off Tesla options.
2020-11-10 02:34:41,1325990230676164610,"@elonmusk Hello Elon, when you open a Tesla Online Shop for Italy? All the Europe Country are covered....only Italy is missed."
2020-11-10 02:34:32,1325990194118451200,"@strangetruther @Korrelan_AI @connectedregio1 @markcannon5 @GaryMarcus @stuz5000 @IvanVegner @Built2T @SurviveThrive2 @peremayol @john_chiv @elonmusk @Tesla The brain doesn't use maps. A map is a top-down discovery tool. If the firings of some neurons in the hippocampus or elsewhere in the brain correspond to things in the world, it doesn't mean they are maps. They are only structures that emerge automatically during learning."
2020-11-10 02:34:31,1325990188930256896,@Dimitri91267336 @bmfshow New BMWs and all Tesla‚Äôs practically are üòÇ
2020-11-10 02:34:25,1325990164829769729,"Tesla‚Äôs RNA Bioreactor Can Make Vaccines &amp; Save Lives, But Won‚Äôt Be Financially Material For¬†Tesla https://t.co/H0pzBtjMoU"
2020-11-10 02:34:23,1325990156621508608,"@bushiname @Tesla Below you can see what I was expecting but Oct deliveries are not important because they are production limited in Q4. This is actually the first time Tesla is production limited in China. I'm waiting for the production number.

https://t.co/LsDOTHr59Y"
2020-11-10 02:34:22,1325990152309776384,@bigcstacks Same. One of my friends in Houston keeps telling me I should just drive there every day and eventually I'll get a tesla
2020-11-10 02:34:20,1325990145280053249,"@LuoshengPeng EV market is not as huge if battery and sth issues! If I am not buying,  just not feel it's coming! (Like the way I see CHWY ! ) don't know why! I hardly see once awhile a Tesla around!"
2020-11-10 02:34:17,1325990132319727619,One Tesla please good sir üßê https://t.co/3g5W18XlJf
2020-11-10 02:34:04,1325990075277193220,What a Biden White House could mean for Tesla https://t.co/pkkHCYJDWH
2020-11-10 02:34:00,1325990058516733954,@T8771J @WEEI @bradfo Bauer is overvalued. He had a fantastic half season yet there are ppl who want their teams to sign him to ace money. No thanks.
2020-11-10 02:33:40,1325989973586112514,"The vaccine that @tesla are working on takes a similar approach to Pfizer and although slower to human trials, may be easier to scale, optimising the nucleic acid rather than chemical modification of the RNA. Any updates on this @elonmusk? https://t.co/77iIQJSqsW"
2020-11-10 02:33:25,1325989913687429120,@elonmusk now that you are spending more time in Austin can you please bring Tesla Donk or Slab to 2021 Donk Contest car show and cultural festival? https://t.co/1zkaj2Pv85
2020-11-10 02:33:19,1325989886206357505,"Moreover, energy produced by Tesla solar deployments far exceeds energy used in our factories https://t.co/IDqf5gWeFt"
2020-11-10 02:33:17,1325989877188612097,letting my Tesla drive me home https://t.co/I7FScmBk1S
2020-11-10 02:33:15,1325989869898829824,someone tell elon to send me summadat tesla tequila i wanna see sumthin üëÄ
2020-11-10 02:33:12,1325989858116972544,"@elonmusk WTF @elonmusk
He will sell tesla electric underwear oneday üí©"
2020-11-10 02:33:12,1325989857819176960,"@_RGArmstrong @PeterSweden7 Tesla was allegedly working on those in high traffic areas. It would be a Tesla facility so the battery would be authentic (no ‚Äúkaboom‚Äù). You‚Äôd drive in, a mechanism would unbolt and lower the battery off the car, and then a new one would be bolted in.

It was less than 5 minutes"
2020-11-10 02:33:08,1325989841092415488,Tesla factory workplace safety is 5% better than industry average for manufacturers &amp; improving fast https://t.co/axmInA9fZb
2020-11-10 02:32:44,1325989741012033536,"@ImagingOdin @DHughesy Yes, I Stand corrected. NSW has joined our position and SA has made a mess of their power supply with Tesla batteries etc. and leaped everyone. Victoria will rise again when the Tesla batteries come along. https://t.co/8DSIIRT9JT"
2020-11-10 02:32:39,1325989717775577088,@SpaceX @NASA @Space_Station @Commercial_Crew @JAXA_en @Tesla @elonmusk Doesn‚Äôt matter if Georgians don‚Äôt show up for the run off.
2020-11-10 02:32:25,1325989662461190144,@femaleredhead Is that a new Tesla model...?
2020-11-10 02:32:25,1325989662280749056,#NewZealand prototype of @Tesla #cybertruck ; @elonmusk https://t.co/z5vQBc4Vco
2020-11-10 02:32:21,1325989643054161920,@Miroriiiiii I do this every month with a Tesla üòÇ
2020-11-10 02:32:17,1325989628155817985,Killtaculars are satisfying üëåüèª #HaloCE #HaloMCC https://t.co/wU7EpQ98RC
2020-11-10 02:32:16,1325989624666152961,@elonmusk got any plans on creating a new phone under Tesla's name? Not Android not Apple but Tesla just Tesla.
2020-11-10 02:31:58,1325989546979446785,"Tesla‚Äôs RNA Bioreactor Can Make Vaccines &amp; Save Lives, But Won‚Äôt Be Financially Material For¬†Tesla https://t.co/H0pzBtjMoU"
2020-11-10 02:31:56,1325989538435641346,"You are playing with fire, Leader McConnell. And you will bear responsibility for any consequences. 

For once, for the country, do the right thing. https://t.co/wTq9TOBrev"
2020-11-10 02:31:50,1325989515761225729,someone tell elon to send me summadat tesla tequila i wanna see sumthin üëÄ
2020-11-10 02:31:48,1325989505384521735,@Revenge32137972 Thank you very much! Have a nice weekend!ü§£ü§ó@Tesla @elonmusk üê∂ https://t.co/3pMJlyT4gv
2020-11-10 02:31:38,1325989462053154817,I hate the new Tesla so much...
2020-11-10 02:31:35,1325989452339089408,"@DeanSheikh1 @montana_skeptic Hard for me to gauge, because I don‚Äôt know anyone personally who wants a Tesla. Literally no one I know wants one."
2020-11-10 02:31:18,1325989379383255040,"We saw someone who‚Äôs Model S died at the Patterson supercharger and Anthony the amazing mobile technician helped them get it charging and plan their trip to SoCal! Tesla mobile service is awesome, thanks @Speenuh!!! @elonmusk we need to recognize our awesome mobile service team!! https://t.co/SvSQWbxwv7"
2020-11-10 02:31:11,1325989350555803649,someone tell elon to send me summadat tesla tequila i wanna see sumthin üëÄ
2020-11-10 02:31:11,1325989350082011137,"Posting a photo of @elonmusk photoshopped onto Sakurajima Mai‚Äôs body every day until he gives me a Tesla-
Day 507 https://t.co/kwiU79Yoed"
2020-11-10 02:31:08,1325989336001601536,What a Biden White House could mean for Tesla https://t.co/5IQRvKxE2G https://t.co/VNJB32c1bu
2020-11-10 02:30:56,1325989287725297664,"$WWR Oh yes! The second coming of Elon! $tsla
https://t.co/1yQIw8YsDi"
2020-11-10 02:30:55,1325989281572265985,#Australia to Build Largest Battery in Southern Hemisphere https://t.co/NJeIyVMGS3 #renewables https://t.co/Cwtixbc0FP
2020-11-10 02:30:48,1325989255080865792,"@TABYTCHI Trump has Tesla's time machine 

https://t.co/ON6RbcHx12"
2020-11-10 02:30:48,1325989253067628544,someone tell elon to send me summadat tesla tequila i wanna see sumthin üëÄ
2020-11-10 02:30:45,1325989239742365696,"Cool tough and rugged style.
@Teslarati  #cardesign #design #tesla https://t.co/hRrACryWFc"
2020-11-10 02:30:37,1325989208402526208,@SpaceX @NASA @Space_Station @Commercial_Crew @JAXA_en Astronauts that have gotten to experience a ride in any of @Tesla vehicles must be the bravest people on the planet to travel into space in anything @elonmusk built.
2020-11-10 02:30:35,1325989198210367489,@GlennoShaw @teslaownersau @Tesla Same.
2020-11-10 02:30:26,1325989161849991169,@graysobstory All I‚Äôm saying is that scene where he makes the Tesla coil go to the music? I was like wow I gotta do this for someone one day go big or go home impress that GIRL
2020-11-10 02:30:25,1325989156439339009,"Tesla is looking to switch to AMD Big Navi GPU for onboard computer, leak shows - https://t.co/Ivbk1mmzIq https://t.co/hEqgRXuUgR"
2020-11-10 02:30:19,1325989130967281665,"@kkvr2823 @elonmusk Tesla is targeting exponential solutions to speed the path to L5 like project Dojo.
As for the cameras, we believe the in-cabin camera is, at most, a hedge for regulators or just security camera to be used only if the vehicle sustains damage during use."
2020-11-10 02:30:11,1325989100424343552,@elonmusk Sure. But I'm still waiting for my Tesla :-(
2020-11-10 02:29:59,1325989046439407616,"I watched this happen.  New owner on first road trip towed to charger when she ran out of charge. Car was not charging.  Not only got the car charging, but explained what was happening to all parties involved. @Speenuh continues to go above and beyond. @elonmusk @tesla https://t.co/1D7Jg0ygLK"
2020-11-10 02:29:46,1325988993008275456,@evmom111 @Tesla @suprchargedmoms Good luck ‚ô•Ô∏è‚ô•Ô∏è‚úåÔ∏è
2020-11-10 02:29:35,1325988948905222147,Tesla Gigafactory Austin Day 110 https://t.co/Qvo4hlBX4o Tremendous work solidifying the foundation https://t.co/ufJUfLdKjL
2020-11-10 02:29:31,1325988930009755648,"I watched this happen.  New owner on first road trip towed to charger when she ran out of charge. Car was not charging.  Not only got the car charging, but explained what was happening to all parties involved. @Speenuh continues to go above and beyond. @elonmusk @tesla https://t.co/1D7Jg0ygLK"
2020-11-10 02:29:29,1325988923626061831,What a Biden White House could mean for Tesla https://t.co/5IQRvKxE2G https://t.co/VNJB32c1bu
2020-11-10 02:29:21,1325988889308393478,"Elon Musk made $180 million when he sold Paypal. He invested all of it into Space X, Tesla, and Solar City. In 2008, he was so broke he had to borrow money to pay rent... Few people would take that risk again."
2020-11-10 02:29:18,1325988874443661313,The first Tesla taxi in NYC just hit the streets as the city‚Äôs only electric yellow cab. The plan is for hundreds more to join it. üöïüîãüóΩ https://t.co/hFvKPB1OHS $TSLA #Tesla #EV #TeslaTaxi https://t.co/VRTSbQReht
2020-11-10 02:29:16,1325988867116322817,"@BLKMDL3 @elonmusk At the least, conditional transfers for the time being is not a bad idea. I know traditional automaker won‚Äôt replace your totaled car with a brand new at the same rate (some insurances do), it would be nice if @Tesla could do that. Are the new @Tesla cars cheaper than before ?"
2020-11-10 02:29:15,1325988862007468033,"I will post the ""winner"" of the table in this thread in a few days @Kristennetten @kimpaquette @Sofiaan @DriveTeslaca  @tesla_raj @TeslaOwnersEBay @teslaownerssv"
2020-11-10 02:29:13,1325988853971374083,"@MichaelRBodner @elonmusk @jgrano305 Yep, so far @progressive is absolutely best for Tesla (at least in Florida)"
2020-11-10 02:29:08,1325988835373813762,@BestBuy Oh. No thanks. My @Tesla comes with that
2020-11-10 02:29:03,1325988812053377026,letting my Tesla drive me home https://t.co/I7FScmBk1S
2020-11-10 02:28:50,1325988757359702016,"They didn‚Äôt announce a vaccine, they announced promising preliminary data and the CEO of Pfizer told Axios, ‚ÄúI learned about those results yesterday, Sunday, at 2:00.‚Äù Yet the president implies a conspiracy to thwart him. https://t.co/NbrBbtjxPq"
2020-11-10 02:28:45,1325988736367288321,"Former SpaceX, Tesla engineer to lead Boeing‚Äôs software team #SpaceX via https://t.co/s7n0wYZc3s https://t.co/WlGxsb70vR"
2020-11-10 02:28:29,1325988669346336770,"@AusTeslaOwners @elonmusk Yeah this is a massive issue. People who either get a second tesla by trading in existing vehicles like me or unfortunately for Zack in his case, we get swindled. This is gonna be a massive issue. Money doesnt grow on trees."
2020-11-10 02:28:23,1325988647838081025,"@DCDOWORK @NIOGlobal Good news!
https://t.co/bGObTZFc5i"
2020-11-10 02:28:09,1325988588039909378,20k Superchargers and counting https://t.co/urudyt9Eui
2020-11-10 02:28:07,1325988578548084742,"Tesla Tequila has been on display in Tesla showrooms everywhere for years. Elon - the ultimate troll. ü§Ø
Original Post by @brandenflasch on FB https://t.co/05R6aXRebF"
2020-11-10 02:28:04,1325988567512883201,"@AusTeslaOwners @elonmusk Yeah this is a massive issue. People who either get a second tesla by trading in existing vehicles like me or unfortunately for Zack in his case, we get swindled. This is gonna be a massive issue. Money doesnt grow on trees."
2020-11-10 02:27:50,1325988507572076547,2021 @Tesla Model Y: Everything we know: https://t.co/nHu8QiXT24 https://t.co/5ogIAi0dR4
2020-11-10 02:27:49,1325988503054905344,Tesla - Honky Tonk Women  https://t.co/CEIksgihF5 ‚Ä¶
2020-11-10 02:27:47,1325988495463239682,Tesla Teases New Feature: T... https://t.co/9a6S69ELR7 via @tesmanian_com https://t.co/5wVZDxzR3P
2020-11-10 02:27:46,1325988491776450562,"Breaking üö® :Tesla offering warranty extension for older Model S and X and the eMMC issue

https://t.co/MPntX50qgz"
2020-11-10 02:27:46,1325988489771487234,"@HAVOKBLANCO @CadillacCanada @Tesla The Jaguar iPace, the Audi e-tron, the Mercedes EQC, the Ford Mach-E, the Porsche Taycan... all have taken a shot at Tesla and failed.
We‚Äôve been hearing what you are saying for 10 years now."
2020-11-10 02:27:42,1325988474311249920,#Australia to Build Largest Battery in Southern Hemisphere https://t.co/NJeIyVMGS3 #renewables https://t.co/Cwtixbc0FP
2020-11-10 02:27:35,1325988444468883456,"@elonmusk @teslaownerssv @Tesla I‚Äôve always thought a piece of transition film would be perfect.

The challenge is how not to have headlights affect it in the same manner as the sun."
2020-11-10 02:27:34,1325988441608237057,@__Othman @elonmusk @teslaownersSV @TeslaClubMA @TeslaClubFrance @tesla_club_pt @TOC_Fremont @ClubTeslaES Im rooting for you guys! You need to get that clean Sahara sun into your Teslas! :)
2020-11-10 02:27:28,1325988414408318976,@richeepeace @elonmusk Applying to @Tesla and messaging @elonmusk about me applying to Tesla hoping to get a job cause COVID makes things difficult.
2020-11-10 02:27:27,1325988411447144450,Tesla Taxi is looking üî• (via https://t.co/2EbtPPA9No) https://t.co/oAdMxr5bTy
2020-11-10 02:27:26,1325988405172297728,@StockMKTNewz TESLA FOR LONG .GREEN ENERGY . Biden üíôüíö
2020-11-10 02:27:22,1325988391175905283,"@elonmusk @Tesla 
I just turned 18 in October (I live in Canada so it‚Äôs cool bro) 
And It would be really epic if I could get a late birthday present ? üëâüëà‚ô•Ô∏è 
In exchange, I‚Äôll roll u a fully legal primo Canadian joint üí®üí®ü§å

Thank u papa Elon üíã
#pls  #birthday #imalegaladult https://t.co/GlKQJQ8bdj"
2020-11-10 02:27:21,1325988384171454464,@RockyPruitt @primalpoly @AOC @TulsiGabbard @AndrewYang He‚Äôs legit.
2020-11-10 02:27:13,1325988350885564416,Tesla Owners Share Supercharging Experiences As Tesla Announces Its 20K Supercharger¬†Milestone https://t.co/sYrbqBaywa
2020-11-10 02:27:06,1325988322842472450,A must watch for any drone OR Tesla fan. @elonmusk #FSDBetaCanada https://t.co/AM9inFiPnD
2020-11-10 02:27:06,1325988321944760321,"@BLKMDL3 @elonmusk I feel like totaled cars should be treated differently. If not, we'd have to increase insurance to cover FSD price rises. Maybe this could be the killer feature of Tesla Insurance, just need it everywhere. @elonmusk"
2020-11-10 02:27:00,1325988299589234688,"$NIO #NIO TD Ameritrade Clients Bought Tesla, Nio, And DraftKings Ahead Of The Election
https://t.co/bGObTZFc5i"
2020-11-10 02:26:59,1325988293754802176,#FSDBeta drive in the rain. No disengagement‚Äôs for a 14 minute drive. The future is here folks and brought to you by @elonmusk @tesla. Part 1 here. https://t.co/AhwNVtM7T7 https://t.co/wdmGMNRsrE
2020-11-10 02:26:53,1325988269641797632,"#UPDATE The head of the #OSCE international observer mission to the US elections has accused Donald Trump of a ""gross abuse of office"" after the president alleged he was being cheated and demanded that vote counting be halted https://t.co/NbKJ9NAefZ https://t.co/GNeLrDI7NQ"
2020-11-10 02:26:48,1325988245704937472,@Yvesb @klwtts @Kristennetten @tesla_raj @teslaownerssv @benwehrman @wendishen99 @Techgnostik @Sofiaan I'm in!!!
2020-11-10 02:26:43,1325988226633490433,Join us December 12 as we join forces to break the World Record for largest #Tesla caravan! https://t.co/Q6lVJBF025
2020-11-10 02:26:36,1325988194983182336,"Early adopters should be rewarded with the ability to continue their FSD ownership on all future cars.

Please don‚Äôt alienate customers by not allowing them to move FSD with their future Tesla‚Äôs.

If they can move their FSD with their cars, they‚Äôre more likely to buy Tesla again."
2020-11-10 02:26:26,1325988154227232768,@elonmusk It would be great if Tesla could make a bourbon or whiskey for those that have a lesser tequila pallet.  @Tesla @elonmusk
2020-11-10 02:26:26,1325988153606328320,@SeasonedTech @TacosandTeslas @tesla_raj @teslaownerssv @TeslaOwnersEBay You are correct! Need to double check who said it first but I think its you!!
2020-11-10 02:26:16,1325988114997768192,"@elonmusk Dear Elon, I am a Tesla investor. I just saw the October China Tesla sales numbers. It is better than last month after the recent price reductions. Nio is making a lot of waves now. What is your plan to move even more far head than the competitors? Tesla always rocks!"
2020-11-10 02:26:15,1325988110312812546,@elonmusk @jgrano305 Excited to see if Tesla insurance will save over Progressive!!
2020-11-10 02:26:09,1325988085759291393,"@techAU @Tesla Hmm, maybe you could pony up some of those advertising dollars and buy your wife a Model Y.

If you want a Tesla, please use a random referral code, and support someone less fortunate with some sweet sweet free kms.

https://t.co/O3MYlmUjid"
2020-11-10 02:25:59,1325988041932992512,@klwtts @elonmusk But isnt there a gradual path to L5 autonomy. It will take a while to remove the driver from the drivers seat. Tesla is still making cars with steering wheels and pedals and interior cabin cameras. Just food for thought.
2020-11-10 02:25:55,1325988022995750912,"Tesla documentary series Episode 2010 (Updated) 

Updated episodes to be rolled out

https://t.co/qbcTOmZkUR https://t.co/OBp2BGHQx5"
2020-11-10 02:25:52,1325988013344579586,I remember seeing that new Tesla AI chip news a while ago... When are they going to release it?
2020-11-10 02:25:33,1325987933501837312,@AOC @AndrewYang for everything https://t.co/9LfklJB9WC
2020-11-10 02:25:33,1325987932495376384,"Stock returns since IPO:

Microsoft +230,969%
Adobe +224,971%
Amazon +165,959%
Apple +83,785%
Nike +73,350%
Cisco +49,928%
Netflix +40,915%
Nvidia +35,039%
Tesla +9,113%
Starbucks +28,792%
Mastercard +7,399%
Salesforce +6,170%
eBay +5,667%
Visa +1,418%
Facebook +660%"
2020-11-10 02:25:21,1325987882880864256,20k Superchargers and counting https://t.co/urudyt9Eui
2020-11-10 02:25:15,1325987858243592192,"I‚Äôm sorry, what? 

McConnell is holding a photo op with candidates in Senate races that were only called by...the media?? https://t.co/vPQRnXLyOm"
2020-11-10 02:24:58,1325987785526927363,jailbreak the tesla
2020-11-10 02:24:56,1325987778610438144,@tesla_master @elonmusk OMG!! Yes!! Yes!! Yes!!
2020-11-10 02:24:47,1325987738806595585,So finally and silently Tesla MFA is here https://t.co/5PIJUGYx9S
2020-11-10 02:24:28,1325987658900844545,"Tesla Tequila has been on display in Tesla showrooms everywhere for years. Elon - the ultimate troll. ü§Ø
Original Post by @brandenflasch on FB https://t.co/05R6aXRebF"
2020-11-10 02:24:24,1325987642807234560,"Tesla isn‚Äôt implementing traditional driver monitoring in their system because Tesla‚Äôs Full Self-Driving is planned to work without a driver or passengers.
If regulators require driver monitoring you‚Äôll never have a truly driverless system. @elonmusk 
#Autonomy #FSD #FSDBeta"
2020-11-10 02:24:21,1325987631973404672,"Former SpaceX, Tesla engineer to lead Boeing‚Äôs software team #SpaceX via https://t.co/s7n0wYZc3s https://t.co/WlGxsb70vR"
2020-11-10 02:24:07,1325987571340619776,someone tell elon to send me summadat tesla tequila i wanna see sumthin üëÄ
2020-11-10 02:24:04,1325987557969190918,jailbreak the tesla
2020-11-10 02:24:03,1325987556513644544,What a Biden White House could mean for Tesla https://t.co/5IQRvKxE2G https://t.co/VNJB32c1bu
2020-11-10 02:24:02,1325987552847933442,@elonmusk Any chance of seeing Tesla insurance in Florida soon?
2020-11-10 02:23:59,1325987539380015105,So Tesla is now hiding a Tesla Tequila their poster. https://t.co/q9yaIkxZCy
2020-11-10 02:23:56,1325987527572901888,"Tesla Documentary Series UPDATE

https://t.co/EEa5YOvqVe https://t.co/Typ3uLYtrK"
2020-11-10 02:23:53,1325987511663960064,@_cthesavage Lex Friedman blocked me for responding to his political tweet by telling him that Trump is a fascist.
2020-11-10 02:23:47,1325987487488073735,"@elonmusk @SamTalksTesla @Tesla Casually revolutionizing the vaccine industry with what‚Äôs essentially a scalable, extremely versatile debugger for humans, which ‚Äî given volume production ‚Äî is vastly cheaper than traditional vaccines/cures ... nbd"
2020-11-10 02:23:42,1325987468345307136,"#UPDATE The head of the #OSCE international observer mission to the US elections has accused Donald Trump of a ""gross abuse of office"" after the president alleged he was being cheated and demanded that vote counting be halted https://t.co/NbKJ9NAefZ https://t.co/GNeLrDI7NQ"
2020-11-10 02:23:37,1325987446526500864,if you‚Äôve ever reposted david dobrik to win a Tesla block me rn
2020-11-10 02:23:36,1325987443942846464,"@TroyTeslike Will your estimate include any model Y production from Shanghai? 

Also, I think Tesla may be exporting model 3s from China to offset the Freemont model 3 lines that were switched over to Y lines."
2020-11-10 02:23:25,1325987394731061249,"99% of Car Companies: Don't drink and drive.

Tesla: We make alcohol and cars. Let's see what happens. https://t.co/pOTaJF5QeK"
2020-11-10 02:23:23,1325987389362200576,"@elonmusk Hey Elon, what are your sneaky industries and companies ready to make a splash?  Sorry Tesla is out of my price range.  Still dreaming of a test drive."
2020-11-10 02:23:22,1325987385365069824,20k Superchargers and counting https://t.co/urudyt9Eui
2020-11-10 02:23:22,1325987381359632386,@Robertgroff15 @Tesla do let us know how it works out
2020-11-10 02:23:20,1325987375529463808,"@getjeda @Rivian @Tesla After driving a 3 for two years, I'd have to go with the Cybertruck. The other dashes look way too busy now."
2020-11-10 02:23:20,1325987375005184005,"https://t.co/AAqyPLoPDc electric vehicle startup and Tesla competitor NIO Inc. launched its latest battery pack which offers more power and a longer range. 
electricvehicles #ev #electricvehicle #electriccars #tesla #electriccar #emobility #electric #teslamodel #electricmobility"
2020-11-10 02:23:13,1325987343879299074,"@heydave7 @NYKChannel 4. What will they do with the Tesla Semi and the Roadster they‚Äôve got on order?
5. What‚Äôs their relationship with the community around their channel?"
2020-11-10 02:23:09,1325987330050551808,@richeepeace @elonmusk The perfect side for this is an orange tesla honestly
2020-11-10 02:23:08,1325987326594588672,"Stock returns since IPO:

Microsoft +230,969%
Adobe +224,971%
Amazon +165,959%
Apple +83,785%
Nike +73,350%
Cisco +49,928%
Netflix +40,915%
Nvidia +35,039%
Tesla +9,113%
Starbucks +28,792%
Mastercard +7,399%
Salesforce +6,170%
eBay +5,667%
Visa +1,418%
Facebook +660%"
2020-11-10 02:23:08,1325987323327221760,@bonnienorman ‚ÄúMarketing experts are scared of her: Wierd trick this Oregan woman used to win a free Tesla Roadster and a solar farm‚Äù
2020-11-10 02:22:59,1325987285305753601,"@TroyTeslike Recent figures from the Chinese Passenger Car Association (CPCA) have revealed that Tesla has sold 12,143 Made-in-China Model 3 in October.

12143+7000(export)=19143"
2020-11-10 02:22:52,1325987258265202693,@daniel_a_g86 @Tesla @suprchargedmoms Jen &amp; Leeann üòä Neither have twitter (except for our podcast account of course)
2020-11-10 02:22:28,1325987155261321216,@Tesla @elonmusk Great... More parking spaces I will never have
2020-11-10 02:22:13,1325987092292395013,"@heydave7 @NYKChannel 1. Ask them about the challenges of investing while being environmentally responsible. 
2. What is it like working as family members and a ‚Äúbusiness‚Äù team? 
3. Where they see themselves in 5 years as Tesla and other issues evolve."
2020-11-10 02:22:05,1325987061493456898,Things your boy did... THAT!!! üòà #Tesla https://t.co/G9nfZdSpXu
2020-11-10 02:22:01,1325987045035143168,"Elon Musk's Boring Company Hints at New Tunnel in Austin, Goes All-In on Texas After SpaceX &amp; Tesla Giga Texas

https://t.co/w8F5622Fvp"
2020-11-10 02:21:31,1325986917280862209,@meltz00 I got Tesla playing me for the fool that I am. üò¶
2020-11-10 02:21:31,1325986915682643970,"@thescottleese You should make your own tequila, like Tesla or @TheRock"
2020-11-10 02:21:26,1325986896527286272,Even more folks will fall in love with @tesla since they take a ride in one. ‚ÄúOoh THIS is a Tesla?!‚Äù https://t.co/yWRPmgZ3zw
2020-11-10 02:21:25,1325986892253425667,@elonmusk @teslaownerssv @Tesla How are you guys planning on fixing when the cameras are blinded by the sun?
2020-11-10 02:20:30,1325986663110242305,"CEO Elon Musk hit problems when he tried to trademark the brand 'Teslaquila', but Mexico's Tequila Regulatory Council has approved the new version. https://t.co/IEHqj13iM8"
2020-11-10 02:20:29,1325986656432820226,@SIickes @itsnottdila Thanks fo letting me borrow that rolex last week G i'll bring the tesla back tommorow also
2020-11-10 02:20:24,1325986638355378177,Tesla owners trolling with the number plates https://t.co/xMqsmh5nY2
2020-11-10 02:20:21,1325986624891654145,Propaganda is powerful https://t.co/p40WddZatA
2020-11-10 02:20:18,1325986612631662593,@JordynTaylorNow Swearin on a Tesla baby I'll never leave ya
2020-11-10 02:20:12,1325986588401172481,@pulte My Tesla needs gas Bill. ü•∫
2020-11-10 02:20:10,1325986578104266752,someone tell elon to send me summadat tesla tequila i wanna see sumthin üëÄ
2020-11-10 02:20:10,1325986575998578688,@elonmusk Can I order one to canada pls??  Remember your Saskatchewan roots brother lol.. thanks in advance  #Tesla
2020-11-10 02:20:05,1325986558059532289,"@Avikl7 @TeslaOwnersMX @CYBERTRCK @ElectrekCo @FredericLambert I think we all understand that it being on the website doesn't prove it's existence. I'm not sure any logical Tesla fan ever pointed to that as proof that it does.
Hence why @TeslaOwnersMX claims what you say doesn't really relate."
2020-11-10 02:20:00,1325986535162974210,"Our father who art in @Tesla
Hallowed by the name
Thy kingdom come
Thy will be done
On Earth as it will be on Mars
Give us this day our daily Tesla
And forgive us our trespasses
Amen
@ElonMusk #TeslaEveryday"
2020-11-10 02:19:52,1325986500836667393,@LILMAYO i gotchu mayo @elonmusk send him some tesla tequila
2020-11-10 02:19:50,1325986495057043456,TESLA WHA‚Äî https://t.co/b0ANTUgeqP
2020-11-10 02:19:44,1325986470604263424,someone tell elon to send me summadat tesla tequila i wanna see sumthin üëÄ
2020-11-10 02:19:43,1325986465050886144,"‚ÄúAre we 100% certain this doesn‚Äôt soften the ground enough so that what seems almost unthinkable becomes thinkable? Are we 100% certain the state legislature in, say, Georgia, won‚Äôt start considering things that now seem outside the realm of the possible?‚Äù https://t.co/E7FjQcbPPb"
2020-11-10 02:19:37,1325986440757604353,"@Jax_CR ""Wake up Tesla spammer it's all over"""
2020-11-10 02:19:35,1325986432524161024,@elonmusk You can drink that Tequila while driving a Tesla ‚Ä¶ with autonomous mode on of course.
2020-11-10 02:19:35,1325986430795968513,"Ex Microsoft engineer gets 9 yrs in prison for stealing more than $10M from Microsoft, making it look like other employees were stealing, using btc mixers, falsely filing tax returns. Wild story. 

https://t.co/orteStcL9F"
2020-11-10 02:19:15,1325986348910645254,"I'll be talking to @elonmusk for the 3rd time on the podcast soon (probably this week but TBD). Tesla will be the topic of focus. But also: AI, life, death, meaning, love, history, aliens, and memes. If you have questions, both engineering ones &amp; philosophical ones, let me know."
2020-11-10 02:19:08,1325986316492955648,The first Tesla taxi in NYC just hit the streets as the city‚Äôs only electric yellow cab. The plan is for hundreds more to join it. üöïüîãüóΩ https://t.co/hFvKPB1OHS $TSLA #Tesla #EV #TeslaTaxi https://t.co/VRTSbQReht
2020-11-10 02:18:50,1325986242220191749,"@KenMarino @ZackBornstein Joke all you want, but Rudy's prepared to fight this all the way to the Supreme Courtyard by Marriott."
2020-11-10 02:18:36,1325986182715609088,"#UPDATE The head of the #OSCE international observer mission to the US elections has accused Donald Trump of a ""gross abuse of office"" after the president alleged he was being cheated and demanded that vote counting be halted https://t.co/NbKJ9NAefZ https://t.co/GNeLrDI7NQ"
2020-11-10 02:18:23,1325986131121500162,someone tell elon to send me summadat tesla tequila i wanna see sumthin üëÄ
2020-11-10 02:18:05,1325986053421850624,@Yvesb @Kristennetten @kimpaquette @vincent13031925 @BLKMDL3 @tesla_raj @teslaownerssv @Sofiaan Make a version that extends to the back or clap down so back passengers have some space too.
2020-11-10 02:18:04,1325986050334986240,"@pickledpetty You've been so generous on my thread. We'll have naloxone for anyone on the block who needs it, Tesla or Toyota"
2020-11-10 02:18:00,1325986032744099840,Drive bys in the Tesla
2020-11-10 02:17:57,1325986022220566528,"Tesla Model 3 takes on the Nurburgring and comes within striking distance of the Porsche Taycan Turbo‚Äôs record
https://t.co/EvNpiy0RMU"
2020-11-10 02:17:47,1325985977681252355,"@TeslaNY @Tesla @elonmusk Love to see this tho , NYC would be much much cleaner with these buzzing around üîå"
2020-11-10 02:17:31,1325985910253621250,"@elonmusk @teslaownerssv @Tesla Tesla Autopilot team is doing a great job at improving the road and pedestrian safety ... 

Car accidents through human error took over 1.2 million lives in 2015. Self-driving cars can eliminate 90% of road deaths https://t.co/A0cIDEQGJ6"
2020-11-10 02:17:20,1325985866687401985,Soon there will be Tesla naswar available in Pakistan https://t.co/E6NJhiw2SY
2020-11-10 02:17:20,1325985865592606725,@getjeda I‚Äôm a big Tesla fan but the lucid looks great
2020-11-10 02:17:19,1325985861415047168,someone tell elon to send me summadat tesla tequila i wanna see sumthin üëÄ
2020-11-10 02:17:17,1325985851541774337,I wonder what that tesla tequila tastes like
2020-11-10 02:17:14,1325985840607207424,@evmom111 @Tesla @suprchargedmoms Who are the other people?
2020-11-10 02:16:56,1325985764447031297,"Great planning and dry-run this morning with Georgia State Patrol, @timechols, and @seanmathis for the upcoming @GWR attempt @Tesla Parade with 300+ Teslas hosted by @Milesthrutime on December 12. Still haven‚Äôt registered? Learn more at https://t.co/NjRkbEEICg https://t.co/vJYVNdffMi"
2020-11-10 02:16:53,1325985751323070464,"A 26-year-old software engineer was sentenced to 9 years in prison on Monday for stealing more than $10 million in digital currency, which he used to buy a lakefront home and a $160,000 Tesla car https://t.co/zfrsvu1lPN"
2020-11-10 02:16:48,1325985731156783106,trump rlly tryna beef with judy olian as if she won‚Äôt drive her tesla straight into the white house
2020-11-10 02:16:40,1325985697019420673,"@TeslaAtlanta @seanmathis @GWR @Tesla @Milesthrutime @elonmusk @TOC_Fremont @TeslaTn @allienkelly @TheRayHighway @TeslaOwnersEBay Join me, @allienkelly and 300 of our closest friends for this great event raising money to fight human trafficking. @georgiapowerET @GaStateParks @Model3Owners @CleanCitiesGA https://t.co/ZB97sJwvqO"
2020-11-10 02:16:30,1325985657135767552,Join us December 12 as we join forces to break the World Record for largest #Tesla caravan! https://t.co/Q6lVJBF025
2020-11-10 02:16:25,1325985634457169921,And @Tesla is the least @boringcompany https://t.co/55UQnR9HVh
2020-11-10 02:16:19,1325985609245220864,@imisspopsmoke I thought that shit said Tesla üòí
2020-11-10 02:16:01,1325985531893751814,This doggo inside a Tesla is living his/her best life. https://t.co/Ne4VO1q2JC
2020-11-10 02:15:48,1325985479649488899,@elonmusk hey! Would you accept internship offers in tesla??
